N,escalar_ms,vetorial_ms,speedup
8,0.003000,0.003000,1.0000
16,0.005000,0.003000,1.6667
32,0.010000,0.015000,0.6667
64,0.057000,0.030000,1.9000
128,1.036000,0.176000,5.8864
256,5.227000,2.116000,2.4702
512,45.278000,21.509000,2.1051
1024,272.486000,175.629000,1.5515
2048,2908.061000,2548.105000,1.1413
4096,22498.831000,21638.948000,1.0397
